{ 
  "material": {
    "mesh_side": 0.120000,     
    "mesh_orientation": 0,
    "knot_size": 0.012000,          
    "twine_stiffness": 1000.000000,         
    "knot_stiffness": 1000.000000
  },
  "geometry": { 
    "meshes_along": 100,       
    "meshes_around": 100,                 
    "entrance_radius": 0.400000          
  },
  "runs": [
    {
      "catch": 50,
      "towing_speed": 1.5,
      "results": {"length": 11.5},
      "dof_shape": [
        0.00000E+000,
        4.00000E-001,
        1.30940E-002,
        3.98180E-001,
        7.44138E-002,
        3.89847E-001,
        8.75179E-002,
        3.88108E-001,
        1.48943E-001,
        3.80146E-001,
        1.62056E-001,
        3.78486E-001,
        2.23579E-001,
        3.70886E-001,
        2.36701E-001,
        3.69305E-001,
        2.98316E-001,
        3.62059E-001,
        3.11446E-001,
        3.60553E-001,
        3.73145E-001,
        3.53654E-001,
        3.86283E-001,
        3.52223E-001,
        4.48061E-001,
        3.45664E-001,
        4.61205E-001,
        3.44305E-001,
        5.23057E-001,
        3.38079E-001,
        5.36208E-001,
        3.36791E-001,
        5.98127E-001,
        3.30892E-001,
        6.11284E-001,
        3.29673E-001,
        6.73266E-001,
        3.24094E-001,
        6.86429E-001,
        3.22944E-001,
        7.48469E-001,
        3.17679E-001,
        7.61637E-001,
        3.16595E-001,
        8.23731E-001,
        3.11639E-001,
        8.36904E-001,
        3.10621E-001,
        8.99047E-001,
        3.05968E-001,
        9.12224E-001,
        3.05014E-001,
        9.74414E-001,
        3.00659E-001,
        9.87595E-001,
        2.99768E-001,
        1.04983E+000,
        2.95707E-001,
        1.06301E+000,
        2.94878E-001,
        1.12528E+000,
        2.91106E-001,
        1.13847E+000,
        2.90338E-001,
        1.20077E+000,
        2.86851E-001,
        1.21396E+000,
        2.86143E-001,
        1.27630E+000,
        2.82937E-001,
        1.28949E+000,
        2.82289E-001,
        1.35186E+000,
        2.79361E-001,
        1.36506E+000,
        2.78771E-001,
        1.42745E+000,
        2.76117E-001,
        1.44065E+000,
        2.75585E-001,
        1.50306E+000,
        2.73202E-001,
        1.51626E+000,
        2.72727E-001,
        1.57870E+000,
        2.70614E-001,
        1.59190E+000,
        2.70195E-001,
        1.65435E+000,
        2.68348E-001,
        1.66755E+000,
        2.67986E-001,
        1.73002E+000,
        2.66403E-001,
        1.74323E+000,
        2.66097E-001,
        1.80571E+000,
        2.64777E-001,
        1.81891E+000,
        2.64525E-001,
        1.88140E+000,
        2.63466E-001,
        1.89461E+000,
        2.63270E-001,
        1.95711E+000,
        2.62471E-001,
        1.97032E+000,
        2.62330E-001,
        2.03282E+000,
        2.61789E-001,
        2.04603E+000,
        2.61703E-001,
        2.10854E+000,
        2.61421E-001,
        2.12175E+000,
        2.61389E-001,
        2.18426E+000,
        2.61365E-001,
        2.19747E+000,
        2.61388E-001,
        2.25997E+000,
        2.61622E-001,
        2.27318E+000,
        2.61699E-001,
        2.33569E+000,
        2.62192E-001,
        2.34890E+000,
        2.62323E-001,
        2.41140E+000,
        2.63075E-001,
        2.42460E+000,
        2.63261E-001,
        2.48710E+000,
        2.64273E-001,
        2.50030E+000,
        2.64514E-001,
        2.56279E+000,
        2.65786E-001,
        2.57599E+000,
        2.66083E-001,
        2.63846E+000,
        2.67617E-001,
        2.65166E+000,
        2.67970E-001,
        2.71412E+000,
        2.69768E-001,
        2.72732E+000,
        2.70176E-001,
        2.78976E+000,
        2.72241E-001,
        2.80296E+000,
        2.72706E-001,
        2.86538E+000,
        2.75039E-001,
        2.87858E+000,
        2.75561E-001,
        2.94097E+000,
        2.78165E-001,
        2.95417E+000,
        2.78744E-001,
        3.01654E+000,
        2.81622E-001,
        3.02974E+000,
        2.82260E-001,
        3.09208E+000,
        2.85415E-001,
        3.10527E+000,
        2.86112E-001,
        3.16758E+000,
        2.89547E-001,
        3.18077E+000,
        2.90304E-001,
        3.24305E+000,
        2.94024E-001,
        3.25623E+000,
        2.94841E-001,
        3.31847E+000,
        2.98849E-001,
        3.33165E+000,
        2.99729E-001,
        3.39385E+000,
        3.04030E-001,
        3.40703E+000,
        3.04972E-001,
        3.46918E+000,
        3.09570E-001,
        3.48235E+000,
        3.10577E-001,
        3.54446E+000,
        3.15477E-001,
        3.55762E+000,
        3.16549E-001,
        3.61967E+000,
        3.21757E-001,
        3.63284E+000,
        3.22895E-001,
        3.69483E+000,
        3.28417E-001,
        3.70799E+000,
        3.29623E-001,
        3.76992E+000,
        3.35463E-001,
        3.78307E+000,
        3.36738E-001,
        3.84494E+000,
        3.42904E-001,
        3.85808E+000,
        3.44250E-001,
        3.91987E+000,
        3.50748E-001,
        3.93301E+000,
        3.52166E-001,
        3.99473E+000,
        3.59002E-001,
        4.00786E+000,
        3.60494E-001,
        4.06949E+000,
        3.67676E-001,
        4.08261E+000,
        3.69243E-001,
        4.14415E+000,
        3.76779E-001,
        4.15727E+000,
        3.78423E-001,
        4.21871E+000,
        3.86319E-001,
        4.23182E+000,
        3.88043E-001,
        4.29316E+000,
        3.96308E-001,
        4.30625E+000,
        3.98113E-001,
        4.36748E+000,
        4.06755E-001,
        4.38057E+000,
        4.08644E-001,
        4.44167E+000,
        4.17670E-001,
        4.45475E+000,
        4.19645E-001,
        4.51573E+000,
        4.29065E-001,
        4.52879E+000,
        4.31128E-001,
        4.58963E+000,
        4.40951E-001,
        4.60268E+000,
        4.43104E-001,
        4.66338E+000,
        4.53339E-001,
        4.67641E+000,
        4.55584E-001,
        4.73695E+000,
        4.66242E-001,
        4.74997E+000,
        4.68582E-001,
        4.81034E+000,
        4.79671E-001,
        4.82334E+000,
        4.82109E-001,
        4.88353E+000,
        4.93638E-001,
        4.89651E+000,
        4.96177E-001,
        4.95651E+000,
        5.08157E-001,
        4.96948E+000,
        5.10800E-001,
        5.02927E+000,
        5.23241E-001,
        5.04221E+000,
        5.25989E-001,
        5.10178E+000,
        5.38902E-001,
        5.11471E+000,
        5.41760E-001,
        5.17404E+000,
        5.55154E-001,
        5.18694E+000,
        5.58124E-001,
        5.24602E+000,
        5.72010E-001,
        5.25890E+000,
        5.75096E-001,
        5.31771E+000,
        5.89484E-001,
        5.33057E+000,
        5.92689E-001,
        5.38909E+000,
        6.07589E-001,
        5.40191E+000,
        6.10917E-001,
        5.46013E+000,
        6.26338E-001,
        5.47293E+000,
        6.29793E-001,
        5.53082E+000,
        6.45746E-001,
        5.54358E+000,
        6.49331E-001,
        5.60112E+000,
        6.65826E-001,
        5.61385E+000,
        6.69544E-001,
        5.67102E+000,
        6.86590E-001,
        5.68371E+000,
        6.90446E-001,
        5.74049E+000,
        7.08051E-001,
        5.75314E+000,
        7.12049E-001,
        5.80949E+000,
        7.30222E-001,
        5.82210E+000,
        7.34366E-001,
        5.87801E+000,
        7.53115E-001,
        5.89057E+000,
        7.57409E-001,
        5.94600E+000,
        7.76740E-001,
        5.95852E+000,
        7.81189E-001,
        6.01344E+000,
        8.01110E-001,
        6.02591E+000,
        8.05717E-001,
        6.08030E+000,
        8.26232E-001,
        6.09271E+000,
        8.31003E-001,
        6.14652E+000,
        8.52117E-001,
        6.15887E+000,
        8.57056E-001,
        6.21209E+000,
        8.78771E-001,
        6.22437E+000,
        8.83883E-001,
        6.27694E+000,
        9.06202E-001,
